elemento,simbolo,log_abundancia,incertidumbre,es_limite_superior,log_abundancia_solar,velocidad_radial_km_s,tasa_acrecion_g_s,afectado_levitacion
Carbono,C,-6.04,0.17,false,-4.60,69.3,,true
Nitrógeno,N,-8.36,,true,-5.75,,,true
Oxígeno,O,-5.32,,true,-3.61,,,
Aluminio,Al,-7.37,0.08,false,-5.57,74.5,,true
Silicio,Si,-8.26,0.24,false,-4.49,66.5,,true
Fósforo,P,-8.75,,true,-6.60,,,true
Azufre,S,-8.26,,true,-4.86,,,false
Cloro,Cl,-8.45,,true,-6.50,,,
Calcio,Ca,-4.64,0.22,false,-5.69,78.0,380000000,false
Titanio,Ti,-6.24,0.33,false,-7.10,75.8,8400000,false
Vanadio,V,-7.39,,true,-8.00,,,
Cromo,Cr,-7.06,,true,-6.36,,,
Manganeso,Mn,-6.48,,true,-6.61,,,
Hierro,Fe,-6.64,,true,-4.55,,,false
Cobalto,Co,-7.27,,true,-7.08,,,
Níquel,Ni,-6.32,0.15,false,-5.77,76.7,11000000,false
Cobre,Cu,-6.46,0.14,false,-7.79,77.1,9700000,false
Zinc,Zn,-6.24,0.21,false,-7.39,76.4,17000000,false
Estroncio,Sr,-8.86,,true,-9.08,,,
Itrio,Y,-3.48,,true,-9.79,,,
Circonio,Zr,-6.27,,true,-9.41,,,
Niobio,Nb,-6.33,0.25,false,-10.58,68.0,19000000,false
Bario,Ba,-3.11,,true,-9.83,,,
Plomo,Pb,-5.23,,true,-10.00,,,

