id,organizacion,fecha_publicacion,anio_objetivo,cuota_pct,tipo,ambito,definicion,peso_modelo,uso,url,nota
canalys_real_2024,Canalys/Omdia,2025-03-03,2024,17,estimacion_cierre,Global,"PC con chipset o bloque dedicado para cargas de IA en el dispositivo",0,base,https://www.communicationstoday.co.in/ai-capable-pc-shipments-reach-15-4m-in-q4-2024/,"Referencia anual; la fuente secundaria reproduce los datos de Canalys"
gartner_prevision_2025_antigua,Gartner,2024-09-25,2025,43,prevision_antigua,Global,"AI PC según la taxonomía de Gartner",0,revision,https://www.gartner.com/en/newsroom/press-releases/2024-09-25-gartner-forecasts-worldwide-shipments-of-artificial-intelligence-pcs-to-account-for-43-percent-of-all-pcs-in-2025,"Sirve para medir el optimismo de una previsión temprana"
gartner_estimacion_2025,Gartner,2025-08-28,2025,31,estimacion_actualizada,Global,"AI PC según la taxonomía de Gartner",0,revision,https://www.gartner.com/en/newsroom/press-releases/2025-08-28-gartner-says-artificial-intelligence-pcs-will-represent-31-percent-of-worldwide-pc-market-by-the-end-of-2025,"Actualización usada para calcular una revisión de 12 puntos"
gartner_2026_inicial,Gartner,2025-08-28,2026,55,prevision_superada,Global,"AI PC según la taxonomía de Gartner",0,revision,https://www.gartner.com/en/newsroom/press-releases/2025-08-28-gartner-says-artificial-intelligence-pcs-will-represent-31-percent-of-worldwide-pc-market-by-the-end-of-2025,"Previsión inicial posteriormente rebajada"
gartner_2026_revisada,Gartner,2025-12-17,2026,49,prevision,Global,"AI PC según la taxonomía de Gartner",1,modelo,https://www.gartner.com/en/documents/7289831,"Revisión de diciembre de 2025"
canalys_2027,Canalys/Omdia,,2027,60,prevision,Global,"PC con chipset o bloque dedicado para cargas de IA en el dispositivo",1,modelo,https://omdia.tech.informa.com/insights/2025/now-and-next-for-ai-capable-pcs,"La página pública no muestra fecha de publicación"
morgan_stanley_2028,Morgan Stanley Research,2024-05-21,2028,64,prevision,Global,"PC equipado para IA; definición del informe de inversión",0.7,modelo,https://advisor.morganstanley.com/the-wbs-group/documents/field/w/wb/wbs-group/Q2_2024_Commentary.pdf,"Fuente pública de asesoría que reproduce la previsión de Morgan Stanley Research"
idc_2028,IDC,,2028,93,prevision,Global,"AI PC según la taxonomía de IDC",0.6,modelo,https://www.itpro.com/hardware/global-pc-shipments-surge-in-q3-2025-fueled-by-ai-and-windows-10-refresh-cycles,"Cifra de IDC citada por ITPro; la fecha exacta no se fuerza"
gartner_2029,Gartner,,2029,96,prevision,Global,"AI PC según la taxonomía de Gartner",1,modelo,https://www.gartner.com/en/documents/6785534,"Fecha exacta no expuesta en el resumen público"
omdia_usa_q2_2026,Omdia,2026-09-09,2026,48.3,observacion_regional,Estados Unidos,"PC AI-capable según Omdia",0,contraste,https://omdia.tech.informa.com/pr/2026/sep/us-pc-shipments-grew-1point0percent-in-2q26-while-full-year-market-forecast-to-decline-10point7-percent,"Dato regional del segundo trimestre; no se mezcla con la serie global"
