id,titulo,editor,fecha,url,que_respalda,calidad,observaciones
MS_EVENTO,Windows impulsa la era de la inteligencia híbrida,Microsoft,2026-10-07,https://news.microsoft.com/source/latam/noticias-de-microsoft/windows-inteligencia-hibrida/,"Estrategia de IA local y nube; Surface Laptop Ultra; RTX Spark Dev Box; hasta 128 GB y modelos de más de 120B parámetros",Primaria,"Afirmaciones del fabricante; no son pruebas independientes"
MS_SURFACE,Surface Laptop Ultra,Microsoft,2026-10-07,https://www.microsoft.com/en-us/surface/devices/surface-laptop-ultra,"Precio de salida; disponibilidad; especificaciones declaradas",Primaria,"Página comercial"
ARS_EVENTO,Microsoft bets big on local AI with Surface Pro Ultra Laptop and Windows updates,Ars Technica,2026-10-08,https://arstechnica.com/gadgets/2026/10/microsoft-event-debuts-new-ai-friendly-hardware-and-windows-changes/,"Contexto editorial del evento; Copilot; búsqueda; MXC y dudas de adopción",Secundaria,"Usar como contexto, no como única fuente de cifras"
GARTNER_2024,Gartner Forecasts Worldwide Shipments of AI PCs to Account for 43% of All PCs in 2025,Gartner,2024-09-25,https://www.gartner.com/en/newsroom/press-releases/2024-09-25-gartner-forecasts-worldwide-shipments-of-artificial-intelligence-pcs-to-account-for-43-percent-of-all-pcs-in-2025,"Previsión antigua de 43% para 2025 y referencia de 17% en 2024",Primaria,"Permite medir la revisión posterior"
GARTNER_2025,Gartner Says AI PCs Will Represent 31% of Worldwide PC Market by the End of 2025,Gartner,2025-08-28,https://www.gartner.com/en/newsroom/press-releases/2025-08-28-gartner-says-artificial-intelligence-pcs-will-represent-31-percent-of-worldwide-pc-market-by-the-end-of-2025,"Estimación de 31% en 2025 y previsión inicial de 55% en 2026",Primaria,"Pronóstico de consultora, no medición censal"
GARTNER_2026,Forecast Analysis: AI PCs by Arm and x86 Worldwide,Gartner,,https://www.gartner.com/en/documents/6785534,"Trayectoria de 16% en 2024 a 96% en 2029",Primaria,"Resumen público sin fecha exacta visible; documento completo puede requerir suscripción"
CANALYS,Omdia: Now and Next for AI Capable PCs,Canalys/Omdia,,https://omdia.tech.informa.com/insights/2025/now-and-next-for-ai-capable-pcs,"Definición de AI-capable PC y previsión de 60% en 2027",Primaria,"Fecha exacta no visible en el resumen"
CANALYS_2024,AI-capable PC shipments reach 15.4M in Q4 2024,Communications Today,2025-03-03,https://www.communicationstoday.co.in/ai-capable-pc-shipments-reach-15-4m-in-q4-2024/,"17% de cuota anual en 2024 citando datos de Canalys",Secundaria,"Se conserva separada de la previsión primaria de Canalys"
OMDIA_US,Omdia: US PC shipments grew 1.0% in 2Q26,Omdia,2026-09-09,https://omdia.tech.informa.com/pr/2026/sep/us-pc-shipments-grew-1point0percent-in-2q26-while-full-year-market-forecast-to-decline-10point7-percent,"48.3% de cuota AI-capable en Estados Unidos durante 2Q26 y previsión de superar 50% en 3Q26",Primaria,"Dato regional; se usa solo como contraste"
IDC_COSTES,Worldwide Personal Computing Device Market Q1 2026 Performance and Outlook,IDC,2026-06-01,https://www.idc.com/promo/pcdforecast/,"Caída prevista del mercado y subida del precio medio en 2026 por memoria y almacenamiento",Primaria,"El dato no estima uso real de funciones de IA"
COPILOT_EU,AI PCs are here - but businesses are not exactly rushing to buy them yet,TechRadar Pro,2025-07-29,https://www.techradar.com/pro/ai-pcs-are-here-but-businesses-arent-exactly-rushing-to-buy-them-just-yet,"Dato de CONTEXT: solo 9% de 1.2 millones de AI PC distribuidos en Europa durante 2Q25 eran Copilot+ PC",Secundaria,"Ámbito europeo y canal de distribución; no extrapolar al mundo"
