"marca","modelo","version","propulsion","grupo","precio_base_eur","precio_publicado_eur","estado_precio","fecha_tarifa","autonomia_wltp_km","plazas","longitud_mm","maletero_declarado_l","maletero_vda_l","metodo_maletero","carga_10_80_min","alcance_tecnico","fuentes","nota"
"Dacia","Dacia Spring","Expression Electric70 MY26","BEV","Otras marcas",,"16245","pendiente","2026","225","4",,"308",,"declarado; método no armonizado",,"España","S01;S02;S03","Precio anunciado16245 con condiciones; no tarifa limpia."
"BYD","BYD Dolphin Surf","Active MY26 4plazas","BEV","Marca china o grupo chino","20140",,"tarifa","2026-09","220","4","3990","308",,"declarado; método no armonizado",,"España","S04;S05","Elegido acceso por enfoque asequible; no repetido Boost/Comfort."
"Hyundai","Hyundai INSTER","MAXX42 kWh","BEV","Otras marcas","26840",,"referencia","2026-08","327","4","3825",,,"pendiente","30","España","S06;S07","Tarifa publicada en ejemplo financiero vencido; confirmar PVP. Banqueta móvil: no cifra fija de maletero."
"Renault","Renault 5 E-Tech","Evolution40 kWh120CV","BEV","Otras marcas","28085",,"tarifa","2026-10-01","315","5","3922","326","277","326 l líquidos; 277 l VDA",,"España","S08;S09;S10","No incluye Google integrado de Techno."
"Citroën","Citroën ë-C3","YOU Urban Range30 kWh","BEV","Otras marcas",,"21400","pendiente","2026","212","5","4015","310",,"declarado; método no armonizado",,"España","S11;S12","Contado21400 válido hasta30/09; vencido."
"Kia","Kia EV3","Air58.3 kWh MY25","BEV","Otras marcas",,,"pendiente","2025","436","5","4300","460",,"declarado; método no armonizado","29","España","S13","Catálogo MY25; precio y disponibilidad del acabado por confirmar."
"Škoda","Škoda Elroq","50 52 kWh útiles","BEV","Otras marcas",,,"pendiente","2025","375","5","4488","470",,"declarado; método no armonizado","25","España","S14","Referencia catálogo anterior; no mezclar con nuevo Urban61."
"Tesla","Tesla Model 3","Tracción trasera","BEV","Otras marcas","36990",,"tarifa","2026-10-03","572","5","4720","594",,"declarado; método no armonizado",,"España","S15;S16;S17","Volumen Tesla no equivale a VDA; no sumar frunk."
"BYD","BYD Dolphin","Comfort","BEV","Marca china o grupo chino","36690",,"tarifa","2026-08","427","5",,,,"pendiente",,"España","B01;B02",""
"BYD","BYD Atto 2","Comfort","BEV","Marca china o grupo chino","36200",,"tarifa","2026-08","430","5",,,,"pendiente",,"España","B01;B03","No emparejar precio Active con autonomía Comfort."
"BYD","BYD Atto 3","EVO Design","BEV","Marca china o grupo chino","42990",,"tarifa","2026-08","510","5",,,,"pendiente",,"España","B01;B04","EVO y anterior Atto3 son la misma familia: una sola fila."
"BYD","BYD Seal","Comfort actualizado","BEV","Marca china o grupo chino","41990",,"tarifa","2026-08","460","5",,"485",,"declarado; método no armonizado",,"España","B01;B05",""
"BYD","BYD Sealion 7","Comfort","BEV","Marca china o grupo chino","47990",,"tarifa","2026-08","482","5",,"520",,"declarado; método no armonizado",,"España","B01;B06",""
"MG","MG4","Urban Comfort43 kWh","BEV","Marca china o grupo chino","25490",,"tarifa","2026-04-28","325","5","4395",,,"pendiente","28","España","M01","Única fila MG4; no contar Urban y otras variantes dos veces. Maletero >500 sin valor exacto armonizado."
"MG","MGS5 EV","Confort49 kWh","BEV","Marca china o grupo chino","32990",,"referencia","2025-05-09","340","5","4476","453",,"declarado; método no armonizado","24","España","M02","Tarifa lanzamiento2025; confirmar vigencia."
"Leapmotor","Leapmotor T03","37.3 kWh BEV","BEV","Marca china o grupo chino",,,"pendiente","2026","265","4",,,,"pendiente",,"España","L01","Tarifa española sin ayudas pendiente; no usar tarifa europea indicativa como española."
"Leapmotor","Leapmotor B10","Life Pro56.2 kWh BEV","BEV","Marca china o grupo chino",,,"pendiente","2026","361","5",,,,"pendiente",,"España","L02;L03","No es REEV. Tarifa española limpia pendiente."
"Leapmotor","Leapmotor C10","69.9 kWh BEV lanzamiento","BEV","Marca china o grupo chino",,,"pendiente","2024","420","5",,,,"pendiente",,"España","L01","Solo BEV, excluida versión REEV. Referencia2024: contrastar MY26."
"XPENG","XPENG G6","RWD Standard Range68.5 kWh","BEV","Marca china o grupo chino","45193",,"tarifa","2026-10-03",,"5","4758","571",,"declarado; método no armonizado",,"España","X01;X02","Precio verificable; rango combinado y carga España de este acabado pendientes; no usar634 urbanos."
"XPENG","XPENG G9","RWD Standard Range79 kWh","BEV","Marca china o grupo chino","61193",,"tarifa","2026-10-03",,"5","4891","660",,"declarado; método no armonizado",,"España","X01;X03","No usar665 urbanos como combinado. Precio de configurador sin ayudas."
"Omoda","Omoda 5 EV","Pure61 kWh","BEV","Marca china o grupo chino",,,"pendiente","2026","430","5","4424","442",,"declarado; método no armonizado",,"España","O01","Carga30-80 en28min: excluida gráfico10-80."
"Jaecoo","Jaecoo 5 EV","Pure60.9 kWh","BEV","Marca china o grupo chino","35500",,"referencia","2025","402","5","4380","480",,"declarado; método no armonizado",,"España","J01;J02","Carga30-80 en28min: excluida gráfico10-80."
"Changan","Changan Deepal S05","Pro BEV68.8 kWh","BEV","Marca china o grupo chino","36990",,"tarifa","2026-09","485","5","4598","492",,"declarado; método no armonizado",,"España","C01","Carga30-80 en15min: no equiparable10-80. Excluido S05 PHEV."
"GAC","GAC Aion UT","Premium europeo","BEV","Marca china o grupo chino","30995",,"tarifa","2026-10-03","430","5",,,,"pendiente",,"Europa; confirmar España","G01;G03","Rango ficha europea; confirmar unidad y acabado España antes del ranking económico."
"GAC","GAC Aion V","Premium europeo","BEV","Marca china o grupo chino","37995",,"tarifa","2026-10-03","510","5","4605",,,"pendiente",,"Europa; confirmar España","G02;G04","Rango y longitud ficha europea; confirmar unidad España."
"Renault","Renault 4 E-Tech","Evolution40 kWh","BEV","Otras marcas","29900",,"referencia","2025-03-04","308","5",,"420",,"declarado; método no armonizado",,"España","R01","Tarifa lanzamiento2025; no actual."
"Renault","Renault Megane E-Tech","Techno67 kWh220CV","BEV","Otras marcas","37685",,"tarifa","2026-10-01","500","5",,"440","440","VDA",,"España","R02","Nueva apertura pedidos octubre2026. Rango máximo publicado; carga15-80 no10-80."
"Renault","Renault Scenic E-Tech","Techno87 kWh220CV","BEV","Otras marcas",,"41970","pendiente","2026","625","5",,,,"pendiente",,"España","R03;R04","Contado41970 promoción septiembre vencida, no tarifa."
"Fiat","Fiat Grande Panda","RED eléctrico44 kWh","BEV","Otras marcas","25450",,"referencia","2025-02","320","5","3999",,,"pendiente",,"España","F01","Tarifa lanzamiento febrero2025."
"Hyundai","Hyundai Kona Electric","BlackLine65 kWh204CV17 pulgadas","BEV","Otras marcas","42450",,"tarifa","2026-10-03","510","5",,,,"pendiente",,"España","H01","Autonomía máxima correspondiente a llantas17."
"Volkswagen","Volkswagen ID.3","Neo Trend50 kWh","BEV","Otras marcas",,,"pendiente","2026","417","5",,,,"pendiente",,"España","V01;V02","Neo y antiguo ID.3 cuentan como un único modelo."
"Cupra","Cupra Born","Born+58 kWh190CV MY27","BEV","Otras marcas","39500",,"tarifa","2026-04-07","484","5",,,,"pendiente",,"España","U01","No atribuir HUD/cámara360/bomba calor de packs como serie."
"Tesla","Tesla Model Y","Tracción trasera","BEV","Otras marcas",,,"pendiente","2026",,"5",,,,"pendiente",,"España","T01","Modelo disponible; precio y ficha exacta no recuperados de forma reproducible. Pendiente, no rellenado de memoria."
"Peugeot","Peugeot E-208","156CV actualizado2025","BEV","Otras marcas",,,"pendiente","2025","433","5",,,,"pendiente",,"España","P01","Precio desde26800 no validado como tarifa sin condiciones."
"Peugeot","Peugeot E-2008","Style156CV54 kWh","BEV","Otras marcas",,"37990","pendiente","2025","406","5",,,,"pendiente",,"España","P02;P03","Oferta histórica37990 de2024 con promoción; excluida."
"Opel","Opel Corsa Electric","Edition51 kWh156CV","BEV","Otras marcas","27400",,"referencia","2025-03-24","429","5",,,,"pendiente",,"España","A01","Tarifa publicada marzo2025: confirmar vigencia."
