"id","marca","titulo","url","campos","fecha_consulta","observaciones"
"S01","Dacia","Spring Expression Electric 70: precio anunciado","https://www.dacia.es/modelos-hibridos-electricos/spring-urbano/precios-versiones.html?gradeCode=ENS_MDL2P1SERIELIM1","precio_publicado_eur","2026-10-03","La búsqueda muestra 16245 EUR. Incluye condiciones comerciales; no es tarifa limpia."
"S02","Dacia","Spring: ficha del modelo comercializado","https://www.dacia.es/modelos-hibridos-electricos/spring-urbano.html","autonomia_wltp_km;plazas;maletero_declarado_l","2026-10-03","225 km y 308 l. No utilizar los 250 km de la generación anunciada en septiembre para esta fila."
"S03","Dacia","Condiciones comerciales de la web","https://www.dacia.es/dacia-webstore.html?model.code=BI1&page=92","tipo_precio","2026-10-03","Los precios desde incluyen promociones y aportación CAE. No se reconstruye el PVP."
"S04","BYD","Dolphin Surf MY26: versiones y precios España","https://www.byd.com/es-es/news-list/nuevo-byd-dolphin-surf-2026-5-plazas","precio_base_eur;precio_publicado_eur;autonomia_wltp_km;plazas;carga_10_80_min;tecnologia","2026-10-03","Septiembre 2026. Active 4 plazas; Boost y Comfort seleccionados con 5 plazas. PVP sin campañas."
"S05","BYD","Dolphin Surf: dimensiones y equipamiento de origen","https://www.byd.com/es-es/news-list/nuevo-byd-dolphin-surf","longitud_mm;maletero_declarado_l;tecnologia","2026-10-03","Datos de carrocería de lanzamiento: 3990 mm y 308 l; contrastar cambios al publicar."
"S06","Hyundai","INSTER: modelo y PVP MAXX 42 kWh","https://www.hyundai.com/es/es/modelos/inster.html","precio_base_eur;autonomia_wltp_km;plazas;tecnologia","2026-10-03","PVP explícito 26840 EUR sin descuentos; ejemplo financiero vencido en agosto. PVP de referencia pendiente de confirmar."
"S07","Hyundai","INSTER: catálogo técnico abril 2026","https://dmassets.hyundai.com/is/content/hyundaiautoever/CATALOGO-interactivo_EVO_04.26pdf","longitud_mm;carga_10_80_min;maletero_declarado_l","2026-10-03","3825 mm; 30 min del 10 al 80. La banqueta móvil modifica el volumen de carga."
"S08","Renault","Nueva gama R5: precios y autonomía octubre 2026","https://prensa.renault.es/renault-5-e-tech-electrico-amplia-su-oferta-con-mas-autonomia-nuevos-colores-y-un-precio-desde-20170-eur/?lang=spa","precio_base_eur;autonomia_wltp_km;tecnologia","2026-10-03","1 octubre 2026. Importes máximos recomendados con IVA y transporte: 28085 y 31085 EUR."
"S09","Renault","R5: dimensiones y maletero","https://www.renault.es/electricos/r5-e-tech-electrico/medidas.html","longitud_mm;maletero_declarado_l;maletero_vda_l","2026-10-03","3922 mm; 326 l declarados frente a 277 dm3 VDA. No intercambiar las dos medidas."
"S10","Renault","R5: equipamiento por acabado","https://catalogo.renault.es/es/mobile/renault5/mobile/ct_renault5_es_november_2025.pdf","plazas;tecnologia","2026-10-03","Google integrado aparece en techno e iconic; no atribuirlo a evolution. Catálogo 2025: confirmar equipamiento al publicar."
"S11","Citroën","ë-C3: oferta y variantes de batería","https://www.citroen.es/vehiculos-citroen/e-c3.html","precio_publicado_eur;autonomia_wltp_km","2026-10-03","YOU Urban Range 30 kWh: hasta 212 km; precio contado 21400 EUR en oferta hasta 30 septiembre. Excluido del ranking vigente."
"S12","Citroën","ë-C3: dimensiones técnicas","https://www.citroen.es/content/dam/citroen/spain/pdf/caracteristicas-tecnicas/CT_Nuevo_C3.pdf","longitud_mm;maletero_declarado_l;plazas","2026-10-03","4015 mm y 310 litros; 5 plazas."
"S13","Kia","EV3: catálogo España MY25","https://www.kia.com/content/dam/kwcms/kme/es/es/assets/contents/catalogos/ev3/2025/ev3-2025.pdf","autonomia_wltp_km;longitud_mm;maletero_declarado_l;carga_10_80_min;plazas;tecnologia","2026-10-03","Fila Air Standard Range 58.3 kWh con llantas 17: 436 km y 29 min. Referencia MY25; confirmar stock. Precio homogéneo no verificado."
"S14","Škoda","Elroq: catálogo técnico España","https://www.skoda.es/_doc/ad34a6cb-fd39-4ff2-924b-ae532a49010e","autonomia_wltp_km;longitud_mm;maletero_declarado_l;carga_10_80_min;plazas","2026-10-03","Elroq 50: 357-375 km; se toma máximo 375. 470 l y 25 min. Referencia de catálogo anterior, no confundir con Urban 61 kWh."
"S15","Tesla","Model 3: configurador España","https://www.tesla.com/es_es/model3/design","precio_base_eur;autonomia_wltp_km;plazas","2026-10-03","Versión tracción trasera: 36990 EUR y 572 km; entrega estimada noviembre-diciembre 2026. No incluye ahorro de combustible."
"S16","Tesla","Model 3: dimensiones y carga","https://www.tesla.com/ownersmanual/model3/es_es/GUID-56562137-FC31-4110-A13C-9A9FC6657BF0.html","longitud_mm;maletero_declarado_l","2026-10-03","4720 mm; 594 l detrás de la segunda fila. Método distinto; no equivale al VDA. No sumar frunk."
"S17","Tesla","Supercarga y planificación de rutas","https://www.tesla.com/es_es/support/charging/supercharging","tecnologia","2026-10-03","Planificador de ruta y gestión de Supercargadores. Parte de la red también admite otras marcas."
"B01","BYD","Tarifas de referencia agosto 2026","https://www.byd.com/es-es/news-list/ayudas-plan-auto-byd-2026","precio_base_eur","2026-10-03","PVP recomendado; no columna con ayudas"
"B02","BYD","Dolphin España","https://www.byd.com/es-es/coches-electricos/dolphin","autonomia_wltp_km","2026-10-03","Comfort 427 km"
"B03","BYD","Atto 2 Comfort y gama","https://media.byd.com/byd-amplia-la-gama-atto-2-con-la-version-comfort-mas-potente-con-430-km-de-autonomia-y-carga-rapida-de-hasta-155-kw/?lang=spa","autonomia_wltp_km","2026-10-03","Seleccionado Comfort; no Active"
"B04","BYD","Atto 3 EVO España","https://www.byd.com/es-es/car/atto3.html","autonomia_wltp_km","2026-10-03","Design 510 km"
"B05","BYD","Seal renovado","https://www.byd.com/es-es/news-list/byd-renueva-seal-mas-espacio-y-tecnologia","autonomia_wltp_km;maletero_declarado_l","2026-10-03","Comfort 460 km; maletero trasero 485 l"
"B06","BYD","Sealion 7 España","https://www.byd.com/es-es/coches-electricos/sealion-7","autonomia_wltp_km","2026-10-03","Comfort; no autonomía Excellence"
"M01","MG","MG4 Urban: tarifa y datos España","https://news.mgmotor.eu/es/press/precio-mg4-urban/","precio_base_eur;autonomia_wltp_km;longitud_mm;carga_10_80_min;tecnologia","2026-10-03","Abril 2026; una sola fila MG4, se selecciona Urban Comfort 43"
"M02","MG","MGS5 EV tarifas España","https://news.mgmotor.eu/es/press/mgs5-ev-precios/","precio_base_eur;autonomia_wltp_km;longitud_mm;maletero_declarado_l;carga_10_80_min;tecnologia","2026-10-03","Mayo 2025; referencia histórica Confort 49"
"L01","Leapmotor","Apertura europea de pedidos","https://www.stellantis.com/en/news/press-releases/2024/september/leapmotor-international-opens-orders-in-europe-for-affordable-high-tech-t03-city-car-and-c10-suv-electric-vehicles","autonomia_wltp_km;disponibilidad","2026-10-03","T03 265; C10 420; precios europeos no usados como España"
"L02","Leapmotor","B10 apertura de pedidos Europa","https://www.media.stellantis.com/em-en/leapmotor/press/leapmotor-b10-c-suv-for-the-global-market-orders-opening-and-european-list-price","autonomia_wltp_km;longitud_mm","2026-10-03","Life Pro BEV; precio europeo indicativo excluido"
"L03","Leapmotor","Lanzamiento español B10","https://www.media.stellantis.com/es-es/leapmotor/press/leapmotor-presenta-un-audaz-futuro-electrico-en-iaa-mobility-2025-en-munich-estreno-mundial-de-leapmotor-b05-y-lanzamiento-de-ventas-europeas-de-leapmotor-b10","disponibilidad","2026-10-03","No confundir B10 BEV con REEV"
"X01","XPENG","Configurador España","https://www.xpeng-auto.es/configurador","precio_base_eur","2026-10-03","45193 G6; 61193 G9, impuestos y transporte sin descuentos"
"X02","XPENG","G6 España","https://www.xpeng-auto.es/g6","longitud_mm;maletero_declarado_l;plazas","2026-10-03","SR 68.5; WLTP combinado pendiente confirmación España"
"X03","XPENG","G9 España","https://www.xpeng-auto.es/g9","longitud_mm;maletero_declarado_l;plazas","2026-10-03","SR 79; WLTP combinado pendiente confirmación España"
"O01","Omoda","Ficha Omoda 5 EV","https://www.omodajaecoo.es/modelos/omoda-5/ev-ficha-tecnica","autonomia_wltp_km;longitud_mm;maletero_declarado_l;plazas","2026-10-03","Pure 61 kWh; carga publicada 30-80, no 10-80"
"J01","Jaecoo","Ficha Jaecoo 5 EV","https://www.omodajaecoo.es/modelos/jaecoo-5/ev-ficha-tecnica","autonomia_wltp_km;longitud_mm;maletero_declarado_l;plazas;tecnologia","2026-10-03","Pure BEV 60.9; carga publicada 30-80"
"J02","Jaecoo","Dossier y tarifas España","https://www.omodajaecoo.es/noticias/dossier-de-prensa-jaecoo-5-gasolina-y-ev","precio_base_eur;tecnologia","2026-10-03","Pure EV 35500; no precio gasolina"
"C01","Changan","Deepal S05 EV catálogo septiembre 2026","https://www.changaneurope.com/Portals/8/adam/ContentBlocks/5VCyMxavEUyVPERrme1VNA/Path/Cat%C3%A1logo_CHANGAN_DEEPAL_S05_Sep_2026.pdf","precio_base_eur;autonomia_wltp_km;longitud_mm;maletero_declarado_l;tecnologia","2026-10-03","Pro BEV; carga 30-80 15 min, no 10-80"
"G01","GAC","Aion UT España","https://gacspain.es/aion-ut/","precio_base_eur;tecnologia","2026-10-03","Premium PVP30995; no precio financiado"
"G02","GAC","Aion V España","https://gacspain.es/aion-v/","precio_base_eur;tecnologia","2026-10-03","Premium PVP37995; no precio financiado"
"G03","GAC","Aion UT especificación europea","https://www.gacgroup.com/en-eu/configuration/AION%20UT/2024","autonomia_wltp_km","2026-10-03","430 WLTP; referencia europea, confirmar configuración España"
"G04","GAC","Aion V especificación europea","https://www.gacgroup.com/en-eu/configuration/aion-v/2024","autonomia_wltp_km;longitud_mm","2026-10-03","510 WLTP y4605; referencia europea, confirmar configuración España"
"R01","Renault","Renault 4 apertura España","https://prensa.renault.es/renault-4-e-tech-100-electrico-apertura-de-pedidos-con-dos-opciones-de-autonomia-que-se-adaptan-a-todos-los-usos/?lang=spa","precio_base_eur;autonomia_wltp_km;maletero_declarado_l","2026-10-03","Marzo 2025 evolution40, tarifa histórica29900"
"R02","Renault","Megane pedidos octubre 2026","https://prensa.renault.es/nuevo-renault-megane-e-tech-electrico-mas-autonomia-equipamiento-y-tecnologia-desde-28670-eur/?lang=spa","precio_base_eur;autonomia_wltp_km;maletero_vda_l;tecnologia","2026-10-03","Techno67 kWh 37685; hasta500; carga15-80"
"R03","Renault","Scenic promoción septiembre 2026","https://promociones.renault.es/particulares/scenic/","precio_publicado_eur","2026-10-03","Techno87 contado41970; oferta vencida, no tarifa limpia"
"R04","Renault","Scenic España","https://www.renault.es/electricos/scenic.html","autonomia_wltp_km","2026-10-03","Gran autonomía hasta625; confirmar llantas"
"F01","Fiat","Grande Panda eléctrico lanzamiento España","https://www.media.stellantis.com/es-es/fiat/press/fiat-grande-panda-comienza-su-andadura-global-conquistando-el-segmento-b-en-europa","precio_base_eur;autonomia_wltp_km;longitud_mm","2026-10-03","RED44 kWh tarifa25450; febrero2025"
"H01","Hyundai","Kona eléctrico España","https://www.hyundai.com/es/es/modelos/kona-electrico.html","precio_base_eur;autonomia_wltp_km","2026-10-03","BlackLine65 kWh PVP42450; 510 con17 pulgadas"
"V01","Volkswagen","ID.3 Neo España","https://www.volkswagen.es/es/modelos/id3-neo.html","disponibilidad","2026-10-03","Precio desde condicionado, pendiente tarifa"
"V02","Volkswagen","ID.3 Neo datos de fabricante","https://www.volkswagen-newsroom.com/en/the-new-id3-neo-world-premiere-20312","autonomia_wltp_km","2026-10-03","Trend50 hasta417; única fila familiaID.3"
"U01","Cupra","Born tarifa España abril2026","https://www.seat-cupra-mediacenter.es/content/dam/seat-media-center/models-all-brands/cupra-models/cupra-born/listado-de-precios-y-equipamiento/Listados-precios-%28PVP%29-y-equipamiento-Nuevo-CUPRA-Born-%28Abril%202026%29.pdf","precio_base_eur;autonomia_wltp_km;tecnologia","2026-10-03","Born+58 39500 y484; packs no atribuidos de serie"
"T01","Tesla","Model Y configurador España","https://www.tesla.com/es_es/modely/design","disponibilidad","2026-10-03","Precio y autonomía exactos pendientes de lectura reproducible; no se inventan"
"P01","Peugeot","E-208 actualizado España abril2025","https://www.media.stellantis.com/es-es/peugeot/press/peugeot-amplia-la-autonomia-electrica-del-peugeot-e-208-ofreciendo-433-km-la-mejor-autonomia-de-su-segmento-reforzando-su-estatus-de-best-seller","autonomia_wltp_km","2026-10-03","156CV hasta433; precio desde no tarifa sin condiciones"
"P02","Peugeot","E-2008 eléctrico España","https://www.peugeot.es/gama/peugeot-2008/electrico.html","autonomia_wltp_km","2026-10-03","156CV hasta406; carga20-80"
"P03","Peugeot","Serie Style precios España noviembre2024","https://www.media.stellantis.com/es-es/peugeot/press/el-placer-de-conducir-se-vuelve-mas-accesible-que-nunca-con-el-lanzamiento-de-la-serie-style-en-los-peugeot-208-2008-308-y-308-sw","precio_publicado_eur","2026-10-03","E2008Style156 37990 incluye promoción mes: histórico excluido"
"A01","Opel","Corsa Electric Edition España marzo2025","https://www.media.stellantis.com/es-es/opel/press/ya-disponible-para-pedidos-opel-corsa-electric-con-aun-mas-autonomia","precio_base_eur;autonomia_wltp_km","2026-10-03","Edition51 27400PVP; hasta429; referencia2025"
