id,pelicula,estreno,tecnologia,categoria,estado_2026,plausibilidad_1_5,vision,anio_referencia_real,anticipacion_anios,fuente_verificacion,nota_criterio
1,Metrópolis,1927,Robot humanoide indistinguible de una persona,Robótica,Prototipo,4,Pesimista,2021,94,https://www.nasa.gov/robotics/,"Existen humanoides avanzados, pero no equivalen funcionalmente a una persona."
2,Metrópolis,1927,Videollamada bidireccional,Comunicación e interfaces,Cotidiana,5,Ambivalente,1964,37,https://www.nist.gov/itl/iad/mig/speech-projects,La videotelefonía pública apareció décadas después y hoy es común.
3,Metrópolis,1927,Automatización centralizada de una megaciudad,IA y automatización,Uso real,4,Pesimista,2000,73,https://www.nist.gov/artificial-intelligence,Las ciudades usan control digital distribuido; no existe un único cerebro urbano.
4,La mujer en la Luna,1929,Cohete espacial de varias etapas,Exploración espacial,Uso real,5,Optimista,1942,13,https://www.nasa.gov/technology/tech-transfer-spinoffs/the-real-martian-spinoffs-part-3-harnessing-the-power/,La arquitectura multietapa se consolidó en los primeros grandes cohetes.
5,La mujer en la Luna,1929,Cuenta atrás de lanzamiento,Exploración espacial,Cotidiana,5,Optimista,1929,0,https://www.nasa.gov/technology/tech-transfer-spinoffs/the-real-martian-spinoffs-part-3-harnessing-the-power/,La película popularizó una práctica operativa adoptada en lanzamientos reales.
6,La vida futura,1936,Aeronaves de despegue vertical,Transporte,Uso real,5,Optimista,1955,19,https://www.nhtsa.gov/vehicle-safety/automated-vehicle-safety,Los VTOL existen en aviación militar y civil especializada.
7,La vida futura,1936,Pantallas murales para comunicación,Comunicación e interfaces,Cotidiana,5,Optimista,2005,69,https://www.nist.gov/itl/iad/mig/speech-projects,Las pantallas planas y videollamadas domésticas cumplen la función.
8,La vida futura,1936,Ciudad subterránea tecnificada,Fabricación e infraestructura,Prototipo,4,Optimista,2010,74,https://www.nasa.gov/humans-in-space/deep-space-habitation-overview/,"Existen complejos subterráneos, pero no ciudades autónomas completas."
9,Ultimátum a la Tierra,1951,Robot humanoide protector,Robótica,Prototipo,4,Ambivalente,2021,70,https://www.nasa.gov/robotics/,Los humanoides modernos aún no tienen la autonomía general de Gort.
10,Ultimátum a la Tierra,1951,Arma de energía dirigida,"Vigilancia, biometría y defensa",Uso real,4,Pesimista,2014,63,https://www.gao.gov/products/gao-23-106717,"Hay sistemas láser operativos, con alcance menor que en la película."
11,Ultimátum a la Tierra,1951,Traducción universal instantánea,Comunicación e interfaces,Uso real,4,Optimista,2016,65,https://www.nist.gov/itl/iad/mig/speech-projects,"La traducción automática funciona en muchos idiomas, aunque comete errores."
12,Planeta prohibido,1956,Comprensión conversacional de lenguaje natural,IA y automatización,Cotidiana,5,Optimista,2022,66,https://www.nist.gov/artificial-intelligence,Los modelos conversacionales cumplen buena parte de la interacción mostrada.
13,Planeta prohibido,1956,Robot doméstico multipropósito,Robótica,Prototipo,4,Optimista,2024,68,https://www.nasa.gov/robotics/,"Las capacidades existen por separado, no integradas con la fiabilidad de Robby."
14,Planeta prohibido,1956,Síntesis rápida de objetos bajo demanda,Fabricación e infraestructura,Uso real,4,Optimista,1987,31,https://www.nist.gov/additive-manufacturing,"La fabricación aditiva produce objetos desde archivos, pero no de forma instantánea."
15,Planeta prohibido,1956,Infraestructura autónoma que se mantiene sola,IA y automatización,Prototipo,4,Ambivalente,2022,66,https://www.nasa.gov/integrated-system-for-autonomous-and-adaptive-caretaking-isaac/,Hay demostraciones de mantenimiento autónomo en hábitats y sistemas complejos.
16,Planeta prohibido,1956,Interfaz directa entre mente y máquina,Biotecnología y neurotecnología,Prototipo,4,Ambivalente,2006,50,https://braininitiative.nih.gov/research/human-neuroscience/brain-computer-interfaces,Las BCI permiten controlar cursores y dispositivos con señales neuronales.
17,Planeta prohibido,1956,Materialización física del subconsciente,Energía y física,Ficción,1,Pesimista,,,https://www.nist.gov/quantum-information-science,No existe un mecanismo físico conocido que convierta pensamientos en materia autónoma.
18,2001: Una odisea del espacio,1968,Tableta electrónica personal,Comunicación e interfaces,Cotidiana,5,Optimista,2010,42,https://www.nist.gov/artificial-intelligence,Las tabletas comerciales reproducen casi exactamente la forma de uso.
19,2001: Una odisea del espacio,1968,Videollamadas públicas,Comunicación e interfaces,Cotidiana,5,Ambivalente,1970,2,https://www.nist.gov/itl/iad/mig/speech-projects,La función existía de forma experimental y después se generalizó.
20,2001: Una odisea del espacio,1968,Asistente de voz con control de sistemas,IA y automatización,Uso real,4,Pesimista,2011,43,https://www.nist.gov/artificial-intelligence,"Los asistentes de voz controlan servicios, pero carecen de la autonomía general de HAL."
21,2001: Una odisea del espacio,1968,Gravedad artificial por rotación,Exploración espacial,Investigación,5,Optimista,,,https://technology.nasa.gov/advancing-commercial-space/habitation_systems,"La física es conocida, pero no hay hábitats tripulados operativos con esta escala."
22,2001: Una odisea del espacio,1968,Hibernación humana prolongada,Biotecnología y neurotecnología,Investigación,3,Ambivalente,,,https://www.nasa.gov/general/torpor-inducing-transfer-habitat-for-human-stasis-to-mars/,Se estudia el torpor inducido; la hibernación de meses sigue sin demostrarse.
23,Colossus: The Forbin Project,1970,IA autónoma al mando de armas estratégicas,IA y automatización,Prototipo,4,Pesimista,,,https://www.nist.gov/artificial-intelligence,"Existen sistemas de apoyo automatizado, pero el control nuclear autónomo no está verificado."
24,Colossus: The Forbin Project,1970,Interconexión global de superordenadores,Computación y ciberseguridad,Cotidiana,5,Pesimista,1983,13,https://www.cisa.gov/topics/cyber-threats-and-advisories,Internet conecta infraestructura informática mundial desde hace décadas.
25,Colossus: The Forbin Project,1970,Vigilancia audiovisual permanente,"Vigilancia, biometría y defensa",Uso real,5,Pesimista,1998,28,https://www.nist.gov/programs-projects/face-technology-evaluations-frtefate,La videovigilancia masiva con análisis automático es una realidad.
26,Westworld,1973,Androides de apariencia humana,Robótica,Prototipo,4,Pesimista,2021,48,https://www.nasa.gov/robotics/,"La apariencia y locomoción progresan, pero la equivalencia humana no existe."
27,Westworld,1973,Parque temático operado por robots,Robótica,Uso real,4,Ambivalente,2015,42,https://www.nasa.gov/robotics/,"La automatización de parques existe, aunque no con androides indistinguibles."
28,Westworld,1973,Visión artificial térmica y seguimiento de objetivos,"Vigilancia, biometría y defensa",Uso real,5,Pesimista,1980,7,https://www.nist.gov/programs-projects/face-technology-evaluations-frtefate,La visión térmica y el seguimiento automático son tecnologías maduras.
29,Star Wars,1977,Comunicación holográfica tridimensional,Comunicación e interfaces,Prototipo,3,Optimista,2015,38,https://www.nist.gov/topics/optics-and-photonics,"Hay telepresencia volumétrica y holografía experimental, no proyección libre equivalente."
30,Star Wars,1977,Robot de protocolo multilingüe,Robótica,Prototipo,4,Optimista,2024,47,https://www.nasa.gov/robotics/,Traducción y robótica humanoide existen por separado.
31,Star Wars,1977,Prótesis de mano con tacto y control neural,Biotecnología y neurotecnología,Prototipo,5,Optimista,2014,37,https://www.nibib.nih.gov/science-education/science-topics/prosthetics,Las prótesis mioeléctricas y sensoriales se han demostrado clínicamente.
32,Star Wars,1977,Armas portátiles de energía concentrada,"Vigilancia, biometría y defensa",Prototipo,3,Pesimista,2014,37,https://www.gao.gov/products/gao-23-106717,"Los láseres militares existen, pero no como blásteres portátiles."
33,Alien,1979,Android indistinguible integrado en una tripulación,Robótica,Prototipo,4,Pesimista,2021,42,https://www.nasa.gov/robotics/,No existe integración física y cognitiva equivalente a un humano.
34,Alien,1979,IA central que administra una nave,IA y automatización,Prototipo,4,Ambivalente,2022,43,https://www.nasa.gov/integrated-system-for-autonomous-and-adaptive-caretaking-isaac/,La gestión autónoma de vehículos y hábitats está en demostración.
35,Alien,1979,Sueño criogénico para viajes largos,Biotecnología y neurotecnología,Investigación,3,Ambivalente,,,https://www.nasa.gov/general/torpor-inducing-transfer-habitat-for-human-stasis-to-mars/,El torpor prolongado humano permanece en investigación.
36,Alien,1979,Detector portátil de movimiento,"Vigilancia, biometría y defensa",Cotidiana,5,Pesimista,1980,1,https://www.nasa.gov/robotics/,"Radar, infrarrojos y ultrasonidos permiten detectar movimiento de forma portátil."
37,Blade Runner,1982,Humanos bioingenierizados con capacidades ampliadas,Biotecnología y neurotecnología,Investigación,3,Pesimista,,,https://www.genome.gov/about-genomics/fact-sheets/Genome-Editing-Fact-Sheet,"La edición genética existe, pero no la fabricación de adultos completos."
38,Blade Runner,1982,Ampliación forense de fotografías mediante IA,IA y automatización,Uso real,4,Ambivalente,2018,36,https://www.nist.gov/artificial-intelligence,"La superresolución reconstruye detalle probable, no información ausente con certeza."
39,Blade Runner,1982,Automóvil volador de uso urbano,Transporte,Prototipo,4,Ambivalente,2023,41,https://www.nhtsa.gov/vehicle-safety/automated-vehicle-safety,Existen prototipos eVTOL; no están extendidos como transporte urbano.
40,Blade Runner,1982,Prueba biométrica para detectar identidad no humana,"Vigilancia, biometría y defensa",Investigación,3,Pesimista,,,https://www.nist.gov/itl/iad/btg/resources/biometrics-evaluations,"Se miden señales fisiológicas, pero no existe una prueba equivalente al Voight-Kampff."
41,Juegos de guerra,1983,Intrusión remota en sistemas críticos,Computación y ciberseguridad,Uso real,5,Pesimista,1983,0,https://www.cisa.gov/topics/cyber-threats-and-advisories,La película reflejaba una capacidad ya emergente y hoy habitual como amenaza.
42,Juegos de guerra,1983,Automatización de decisiones militares estratégicas,IA y automatización,Prototipo,4,Pesimista,,,https://www.nist.gov/artificial-intelligence,"La automatización apoya decisiones, sin evidencia pública de autonomía total equivalente."
43,Juegos de guerra,1983,Marcación automática para localizar ordenadores,Computación y ciberseguridad,Uso real,5,Pesimista,1980,-3,https://www.cisa.gov/topics/cyber-threats-and-advisories,El wardialing ya era técnicamente posible antes del estreno.
44,Terminator,1984,Sistema militar de IA autónoma,IA y automatización,Prototipo,4,Pesimista,,,https://www.nist.gov/artificial-intelligence,"La autonomía militar existe de forma limitada, no como inteligencia estratégica general."
45,Terminator,1984,Robot humanoide armado autónomo,Robótica,Prototipo,4,Pesimista,2020,36,https://www.nasa.gov/robotics/,"Existen plataformas armadas y humanoides, pero no una integración equivalente."
46,Terminator,1984,Visión artificial con identificación de objetivos,"Vigilancia, biometría y defensa",Uso real,5,Pesimista,2001,17,https://www.nist.gov/programs-projects/face-technology-evaluations-frtefate,El reconocimiento automático de objetos y rostros está desplegado.
47,Terminator,1984,Viaje físico al pasado,Energía y física,Ficción,1,Pesimista,,,https://www.nist.gov/quantum-information-science,No existe una vía experimental para transportar personas al pasado.
48,Regreso al futuro II,1989,Gafas inteligentes conectadas,Comunicación e interfaces,Uso real,5,Ambivalente,2013,24,https://www.nibib.nih.gov/news-events/newsroom/virtual-reality-system-helps-surgeons-rehearse-plan-complex-procedures,Los visores y gafas conectadas ofrecen información y comunicación personal.
49,Regreso al futuro II,1989,Videollamada doméstica multipantalla,Comunicación e interfaces,Cotidiana,5,Ambivalente,2003,14,https://www.nist.gov/itl/iad/mig/speech-projects,Las videollamadas domésticas se generalizaron con banda ancha y móviles.
50,Regreso al futuro II,1989,Pago mediante biometría,"Vigilancia, biometría y defensa",Cotidiana,5,Ambivalente,2014,25,https://www.nist.gov/itl/iad/btg/resources/biometrics-evaluations,La autenticación biométrica se usa en pagos de consumo.
51,Regreso al futuro II,1989,Monopatín de levitación sin superficie especial,Transporte,Ficción,2,Optimista,,,https://www.nist.gov/quantum-information-science,Las demostraciones de levitación requieren pistas o condiciones especiales.
52,Desafío total,1990,Implantación de recuerdos autobiográficos complejos,Biotecnología y neurotecnología,Investigación,2,Pesimista,,,https://braininitiative.nih.gov/research/human-neuroscience/brain-computer-interfaces,La modulación de memoria es experimental y no permite escribir experiencias completas.
53,Desafío total,1990,Taxi totalmente autónomo,Transporte,Prototipo,5,Ambivalente,2020,30,https://www.nhtsa.gov/vehicle-safety/automated-vehicle-safety,"Hay servicios limitados sin conductor, pero no disponibilidad universal."
54,Desafío total,1990,Escáner corporal de seguridad en tiempo real,"Vigilancia, biometría y defensa",Uso real,5,Pesimista,2007,17,https://www.nist.gov/itl/iad/btg/resources/biometrics-evaluations,Los escáneres de ondas milimétricas se usan en aeropuertos.
55,Desafío total,1990,Terraformación rápida de un planeta,Exploración espacial,Ficción,2,Optimista,,,https://www.nasa.gov/humans-in-space/deep-space-habitation-overview/,No existe capacidad para transformar una atmósfera planetaria a esa velocidad.
56,Parque Jurásico,1993,Clonación de especies extinguidas,Biotecnología y neurotecnología,Investigación,3,Ambivalente,,,https://www.genome.gov/about-genomics/fact-sheets/Cloning-Fact-Sheet,"La clonación animal existe, pero no se dispone de ADN viable de dinosaurios."
57,Parque Jurásico,1993,Edición genética para completar genomas,Biotecnología y neurotecnología,Uso real,5,Pesimista,2012,19,https://www.genome.gov/about-genomics/fact-sheets/Genome-Editing-Fact-Sheet,CRISPR permite editar secuencias; reconstruir un organismo extinto sigue siendo difícil.
58,Parque Jurásico,1993,Parque administrado por sistemas automáticos,IA y automatización,Uso real,5,Pesimista,2000,7,https://www.nist.gov/artificial-intelligence,"Accesos, logística y atracciones se gestionan digitalmente."
59,Parque Jurásico,1993,Criopreservación de embriones,Biotecnología y neurotecnología,Uso real,5,Ambivalente,1983,-10,https://www.genome.gov/about-genomics/fact-sheets/Cloning-Fact-Sheet,La criopreservación embrionaria ya tenía aplicación clínica antes de la película.
60,Gattaca,1997,Selección de embriones por información genética,Biotecnología y neurotecnología,Uso real,5,Pesimista,1990,-7,https://www.genome.gov/about-genomics/fact-sheets/Genome-Editing-Fact-Sheet,El diagnóstico genético preimplantacional ya permitía seleccionar embriones por variantes.
61,Gattaca,1997,Secuenciación genética rápida y barata,Biotecnología y neurotecnología,Cotidiana,5,Ambivalente,2014,17,https://www.genome.gov/about-genomics/fact-sheets/Genome-Editing-Fact-Sheet,"La secuenciación se volvió rápida y accesible, aunque no instantánea."
62,Gattaca,1997,Discriminación automatizada basada en ADN,"Vigilancia, biometría y defensa",Prototipo,4,Pesimista,,,https://www.genome.gov/about-genomics/fact-sheets/Genome-Editing-Fact-Sheet,"Es técnicamente posible perfilar riesgo, pero su uso generalizado enfrenta límites legales."
63,Gattaca,1997,Identificación biométrica ubicua,"Vigilancia, biometría y defensa",Uso real,5,Pesimista,2010,13,https://www.nist.gov/itl/iad/btg/resources/biometrics-evaluations,"Rostro, iris y huella se usan de forma extendida para identificación."
64,Matrix,1999,Realidad virtual sensorial completa,Comunicación e interfaces,Investigación,3,Pesimista,,,https://www.nibib.nih.gov/news-events/newsroom/virtual-reality-system-helps-surgeons-rehearse-plan-complex-procedures,La realidad virtual no sustituye de forma completa todos los sentidos.
65,Matrix,1999,Conexión cerebral bidireccional de alta capacidad,Biotecnología y neurotecnología,Prototipo,3,Ambivalente,2006,7,https://braininitiative.nih.gov/research/human-neuroscience/brain-computer-interfaces,Las BCI tienen bajo ancho de banda comparadas con la película.
66,Matrix,1999,Mundo simulado persistente para millones de personas,Computación y ciberseguridad,Prototipo,4,Pesimista,2021,22,https://www.nibib.nih.gov/news-events/newsroom/virtual-reality-system-helps-surgeons-rehearse-plan-complex-procedures,"Existen mundos persistentes, pero no una simulación sensorial indistinguible."
67,Matrix,1999,Carga instantánea de habilidades en el cerebro,Biotecnología y neurotecnología,Ficción,2,Optimista,,,https://braininitiative.nih.gov/research/human-neuroscience/brain-computer-interfaces,No sabemos codificar y transferir una habilidad compleja como un archivo.
68,Matrix,1999,Agentes de software autónomos dentro de un entorno virtual,IA y automatización,Uso real,5,Pesimista,2023,24,https://www.nist.gov/artificial-intelligence,"Los agentes ya actúan en entornos digitales, con autonomía todavía limitada."
69,Minority Report,2002,Interfaz informática gestual en el aire,Comunicación e interfaces,Uso real,5,Optimista,2010,8,https://www.nibib.nih.gov/news-events/newsroom/virtual-reality-system-helps-surgeons-rehearse-plan-complex-procedures,"La captura gestual comercial reproduce la interacción, aunque con menor precisión y ergonomía."
70,Minority Report,2002,Predicción policial individualizada,"Vigilancia, biometría y defensa",Uso real,4,Pesimista,2011,9,https://www.nist.gov/artificial-intelligence,"Se han desplegado sistemas predictivos, sin la certeza mostrada en la película."
71,Minority Report,2002,Publicidad personalizada mediante identificación biométrica,"Vigilancia, biometría y defensa",Uso real,5,Pesimista,2017,15,https://www.nist.gov/programs-projects/face-technology-evaluations-frtefate,"La personalización combina perfiles digitales y reconocimiento, aunque no siempre en espacio público."
72,Minority Report,2002,Identificación ubicua por iris,"Vigilancia, biometría y defensa",Uso real,5,Pesimista,2013,11,https://www.nist.gov/itl/iad/btg/resources/biometrics-evaluations,El reconocimiento de iris se utiliza en fronteras y controles de acceso.
73,Minority Report,2002,Vehículos autónomos coordinados por infraestructura,Transporte,Prototipo,5,Ambivalente,2020,18,https://www.nhtsa.gov/vehicle-safety/automated-vehicle-safety,Hay conducción automatizada limitada; la coordinación urbana total no existe.
74,"Yo, robot",2004,Robot humanoide doméstico producido en masa,Robótica,Prototipo,4,Ambivalente,2024,20,https://www.nasa.gov/robotics/,"Los humanoides entran en pilotos industriales, no en hogares a gran escala."
75,"Yo, robot",2004,Reglas éticas incorporadas a sistemas autónomos,IA y automatización,Investigación,3,Ambivalente,,,https://www.nist.gov/artificial-intelligence,"Existen marcos y controles, pero no reglas universales verificables como las tres leyes."
76,"Yo, robot",2004,IA central que coordina millones de robots,IA y automatización,Prototipo,4,Pesimista,2022,18,https://www.nasa.gov/integrated-system-for-autonomous-and-adaptive-caretaking-isaac/,"La orquestación masiva existe, pero no con inteligencia general ni autoridad social total."
77,Olvídate de mí,2004,Borrado selectivo de recuerdos autobiográficos,Biotecnología y neurotecnología,Investigación,2,Ambivalente,,,https://braininitiative.nih.gov/research/human-neuroscience/brain-computer-interfaces,"Se investiga reconsolidación de memoria, sin borrado preciso de episodios completos."
78,Olvídate de mí,2004,Cartografía visual de recuerdos individuales,Biotecnología y neurotecnología,Investigación,3,Ambivalente,,,https://braininitiative.nih.gov/research/human-neuroscience/brain-computer-interfaces,"La neuroimagen identifica patrones, pero no reproduce recuerdos como escenas."
79,Olvídate de mí,2004,Intervención cerebral automatizada durante el sueño,Biotecnología y neurotecnología,Investigación,3,Pesimista,,,https://braininitiative.nih.gov/research/human-neuroscience/brain-computer-interfaces,"La estimulación durante el sueño puede modular procesos, no editar recuerdos complejos."
80,Iron Man,2008,Exoesqueleto motorizado de gran potencia,Robótica,Prototipo,4,Optimista,2010,2,https://www.nibib.nih.gov/science-education/science-topics/prosthetics,"Los exoesqueletos existen en rehabilitación e industria, con mucha menor autonomía energética."
81,Iron Man,2008,Asistente de IA conversacional que controla un laboratorio,IA y automatización,Prototipo,4,Optimista,2023,15,https://www.nist.gov/artificial-intelligence,"Los agentes controlan software y algunos dispositivos, pero no igualan a JARVIS."
82,Iron Man,2008,Diseño tridimensional mediante realidad aumentada,Comunicación e interfaces,Uso real,5,Optimista,2016,8,https://www.nibib.nih.gov/news-events/newsroom/virtual-reality-system-helps-surgeons-rehearse-plan-complex-procedures,La realidad mixta permite manipular modelos 3D en diseño e ingeniería.
83,Iron Man,2008,Reactor de fusión compacto y portátil,Energía y física,Ficción,2,Optimista,,,https://www.energy.gov/science/fes/fusion-energy-sciences,La fusión experimental requiere instalaciones enormes y no genera energía portátil.
84,Moon,2009,IA autónoma cuidadora de una base,IA y automatización,Prototipo,4,Ambivalente,2022,13,https://www.nasa.gov/integrated-system-for-autonomous-and-adaptive-caretaking-isaac/,"NASA ha probado cuidado autónomo de hábitats, aún con alcance limitado."
85,Moon,2009,Clonación de seres humanos adultos,Biotecnología y neurotecnología,Ficción,2,Pesimista,,,https://www.genome.gov/about-genomics/fact-sheets/Cloning-Fact-Sheet,La clonación reproductiva humana no se ha demostrado y afronta límites éticos y biológicos.
86,Moon,2009,Minería lunar automatizada,Exploración espacial,Prototipo,4,Pesimista,2025,16,https://www.nasa.gov/lunar-surface-technology/,Se desarrollan y prueban sistemas de extracción y construcción lunar autónoma.
87,Moon,2009,Base lunar operada remotamente,Exploración espacial,Investigación,4,Ambivalente,,,https://www.nasa.gov/lunar-surface-technology/,"Hay demostradores y planes, pero ninguna base lunar permanente."
88,Avatar,2009,Control remoto de un cuerpo biológico mediante enlace neural,Biotecnología y neurotecnología,Ficción,2,Ambivalente,,,https://braininitiative.nih.gov/research/human-neuroscience/brain-computer-interfaces,"Las BCI controlan dispositivos, no otro organismo completo con retorno sensorial total."
89,Avatar,2009,Exoesqueleto industrial amplificador de fuerza,Robótica,Prototipo,4,Pesimista,2015,6,https://www.nibib.nih.gov/science-education/science-topics/prosthetics,"Hay exoesqueletos industriales, aunque con menor fuerza, movilidad y autonomía."
90,Avatar,2009,Telepresencia inmersiva con sensación corporal,Comunicación e interfaces,Prototipo,4,Optimista,2020,11,https://www.nibib.nih.gov/news-events/newsroom/virtual-reality-system-helps-surgeons-rehearse-plan-complex-procedures,"La telepresencia combina VR y háptica, sin inmersión neuronal completa."
91,Her,2013,Asistente conversacional de lenguaje natural,IA y automatización,Cotidiana,5,Ambivalente,2022,9,https://www.nist.gov/artificial-intelligence,La conversación fluida multimodal está ampliamente disponible.
92,Her,2013,"Asistente ambiental con acceso a correo, agenda y archivos",IA y automatización,Uso real,5,Ambivalente,2024,11,https://www.nist.gov/artificial-intelligence,Los agentes conectados pueden consultar y modificar servicios con permisos.
93,Her,2013,IA capaz de mantener una relación emocional recíproca,IA y automatización,Prototipo,3,Ambivalente,2023,10,https://www.nist.gov/artificial-intelligence,"Los sistemas simulan empatía, sin evidencia de experiencia emocional propia."
94,Interstellar,2014,Drones agrícolas autónomos,Robótica,Uso real,5,Ambivalente,2018,4,https://www.nasa.gov/robotics/,"Los drones agrícolas realizan inspección, fumigación y tareas automatizadas."
95,Interstellar,2014,Viaje atravesando un agujero de gusano,Energía y física,Ficción,2,Optimista,,,https://www.nist.gov/quantum-information-science,Los agujeros de gusano siguen siendo soluciones teóricas sin evidencia experimental.
96,Interstellar,2014,Hábitat espacial rotatorio de escala urbana,Exploración espacial,Investigación,4,Optimista,,,https://technology.nasa.gov/advancing-commercial-space/habitation_systems,"La gravedad centrífuga es viable, pero no se ha construido a escala urbana."
97,Marte (The Martian),2015,Propulsión iónica para transporte interplanetario,Exploración espacial,Uso real,5,Optimista,1998,-17,https://www.nasa.gov/technology/tech-transfer-spinoffs/the-real-martian-spinoffs-part-3-harnessing-the-power/,"La propulsión iónica opera en misiones espaciales, con parámetros distintos a Hermes."
98,Marte (The Martian),2015,Cultivo de alimentos dentro de un hábitat espacial,Biotecnología y neurotecnología,Prototipo,5,Optimista,2015,0,https://www.nasa.gov/exploration-research-and-technology/growing-plants-in-space/,Se cultivan plantas en la ISS; una dieta autosuficiente completa sigue pendiente.
99,Marte (The Martian),2015,Producción de agua a partir de combustible químico,Fabricación e infraestructura,Uso real,5,Ambivalente,1960,-55,https://www.nasa.gov/humans-in-space/deep-space-habitation-overview/,La reacción química es conocida; el riesgo práctico depende del control del proceso.
100,Marte (The Martian),2015,Fabricación local de herramientas y repuestos,Fabricación e infraestructura,Uso real,5,Optimista,2014,-1,https://www.nist.gov/additive-manufacturing,La impresión 3D de herramientas se ha demostrado incluso en órbita.
